{
  "Total" : {
    "transaction" : "Total",
    "sampleCount" : 3,
    "errorCount" : 0,
    "errorPct" : 0.0,
    "meanResTime" : 792.6666666666666,
    "medianResTime" : 453.0,
    "minResTime" : 444.0,
    "maxResTime" : 1481.0,
    "pct1ResTime" : 1481.0,
    "pct2ResTime" : 1481.0,
    "pct3ResTime" : 1481.0,
    "throughput" : 1.2594458438287153,
    "receivedKBytesPerSec" : 5.854045313811922,
    "sentKBytesPerSec" : 0.14636138224181358
  },
  "HTTP Request" : {
    "transaction" : "HTTP Request",
    "sampleCount" : 3,
    "errorCount" : 0,
    "errorPct" : 0.0,
    "meanResTime" : 792.6666666666666,
    "medianResTime" : 453.0,
    "minResTime" : 444.0,
    "maxResTime" : 1481.0,
    "pct1ResTime" : 1481.0,
    "pct2ResTime" : 1481.0,
    "pct3ResTime" : 1481.0,
    "throughput" : 1.2594458438287153,
    "receivedKBytesPerSec" : 5.854045313811922,
    "sentKBytesPerSec" : 0.14636138224181358
  }
}