{
  "Total" : {
    "transaction" : "Total",
    "sampleCount" : 1,
    "errorCount" : 0,
    "errorPct" : 0.0,
    "meanResTime" : 2973.0,
    "medianResTime" : 2973.0,
    "minResTime" : 2973.0,
    "maxResTime" : 2973.0,
    "pct1ResTime" : 2973.0,
    "pct2ResTime" : 2973.0,
    "pct3ResTime" : 2973.0,
    "throughput" : 0.3363605785401951,
    "receivedKBytesPerSec" : 62.08841815926674,
    "sentKBytesPerSec" : 0.03843182391523713
  },
  "Home Request" : {
    "transaction" : "Home Request",
    "sampleCount" : 1,
    "errorCount" : 0,
    "errorPct" : 0.0,
    "meanResTime" : 2973.0,
    "medianResTime" : 2973.0,
    "minResTime" : 2973.0,
    "maxResTime" : 2973.0,
    "pct1ResTime" : 2973.0,
    "pct2ResTime" : 2973.0,
    "pct3ResTime" : 2973.0,
    "throughput" : 0.3363605785401951,
    "receivedKBytesPerSec" : 62.08841815926674,
    "sentKBytesPerSec" : 0.03843182391523713
  }
}